User_Age,User_Experience_Level,Subscription_Type,User_Behavior,User_Preference,User_Satisfaction,Recommended_Feature
56,Beginner,Free,Active,Design,Dissatisfied,Standard Feature Set
46,Intermediate,Premium,Active,Functionality,Dissatisfied,Integration with External Tools
32,Beginner,Free,Active,Design,Neutral,Cross-Platform Compatibility
60,Advanced,Basic,Active,Functionality,Dissatisfied,Integration with External Tools
25,Beginner,Free,Moderate,Usability,Neutral,Customizable User Dashboards
38,Beginner,Premium,Active,Design,Satisfied,Advanced Analytics Module
56,Beginner,Free,Inactive,Design,Satisfied,Standard Feature Set
36,Beginner,Premium,Moderate,Design,Neutral,New User Interface Enhancements
40,Advanced,Basic,Active,Usability,Satisfied,Advanced Analytics Module
28,Advanced,Basic,Inactive,Functionality,Satisfied,Standard Feature Set
28,Intermediate,Premium,Moderate,Usability,Neutral,Customizable User Dashboards
41,Advanced,Basic,Inactive,Design,Neutral,Standard Feature Set
53,Advanced,Basic,Active,Functionality,Satisfied,Advanced Analytics Module
57,Intermediate,Basic,Active,Usability,Dissatisfied,Standard Feature Set
41,Advanced,Basic,Active,Design,Dissatisfied,Standard Feature Set
20,Beginner,Premium,Active,Design,Neutral,Cross-Platform Compatibility
39,Beginner,Free,Moderate,Usability,Neutral,Customizable User Dashboards
19,Intermediate,Free,Moderate,Usability,Dissatisfied,Customizable User Dashboards
41,Intermediate,Basic,Inactive,Usability,Satisfied,Streamlined Onboarding Process
61,Intermediate,Free,Active,Design,Dissatisfied,Standard Feature Set
47,Beginner,Free,Inactive,Usability,Dissatisfied,Improved Performance Optimization
55,Advanced,Basic,Moderate,Design,Dissatisfied,New User Interface Enhancements
19,Beginner,Basic,Active,Usability,Dissatisfied,Standard Feature Set
38,Intermediate,Free,Active,Design,Neutral,Cross-Platform Compatibility
50,Advanced,Premium,Moderate,Design,Neutral,New User Interface Enhancements
29,Advanced,Basic,Moderate,Functionality,Satisfied,Enhanced Reporting Features
39,Beginner,Premium,Moderate,Usability,Satisfied,Enhanced Reporting Features
61,Intermediate,Free,Moderate,Usability,Satisfied,Enhanced Reporting Features
42,Beginner,Basic,Moderate,Design,Satisfied,New User Interface Enhancements
44,Advanced,Premium,Active,Design,Dissatisfied,Standard Feature Set
59,Beginner,Basic,Moderate,Design,Neutral,New User Interface Enhancements
45,Beginner,Free,Active,Functionality,Neutral,Integration with External Tools
33,Intermediate,Premium,Active,Functionality,Satisfied,Advanced Analytics Module
32,Intermediate,Free,Moderate,Design,Satisfied,New User Interface Enhancements
64,Advanced,Free,Moderate,Usability,Dissatisfied,Customizable User Dashboards
61,Beginner,Basic,Active,Usability,Dissatisfied,Standard Feature Set
20,Beginner,Premium,Moderate,Functionality,Satisfied,Enhanced Reporting Features
54,Beginner,Free,Moderate,Functionality,Neutral,Standard Feature Set
24,Advanced,Free,Moderate,Design,Neutral,New User Interface Enhancements
38,Advanced,Premium,Inactive,Usability,Neutral,Streamlined Onboarding Process
26,Intermediate,Free,Active,Design,Satisfied,Advanced Analytics Module
56,Intermediate,Free,Inactive,Functionality,Neutral,Standard Feature Set
35,Intermediate,Premium,Moderate,Usability,Dissatisfied,Customizable User Dashboards
21,Beginner,Premium,Inactive,Usability,Dissatisfied,Improved Performance Optimization
42,Beginner,Premium,Moderate,Functionality,Satisfied,Enhanced Reporting Features
31,Intermediate,Premium,Inactive,Design,Dissatisfied,Improved Performance Optimization
26,Beginner,Basic,Moderate,Design,Satisfied,New User Interface Enhancements
43,Intermediate,Premium,Inactive,Usability,Neutral,Streamlined Onboarding Process
19,Advanced,Basic,Inactive,Functionality,Neutral,Standard Feature Set
37,Intermediate,Basic,Inactive,Usability,Neutral,Streamlined Onboarding Process
45,Advanced,Basic,Active,Functionality,Dissatisfied,Integration with External Tools
64,Beginner,Free,Inactive,Design,Satisfied,Standard Feature Set
24,Intermediate,Basic,Active,Functionality,Neutral,Integration with External Tools
61,Beginner,Basic,Moderate,Design,Satisfied,New User Interface Enhancements
25,Advanced,Free,Inactive,Functionality,Neutral,Standard Feature Set
64,Advanced,Free,Moderate,Usability,Dissatisfied,Customizable User Dashboards
52,Advanced,Free,Moderate,Design,Dissatisfied,New User Interface Enhancements
31,Beginner,Premium,Inactive,Usability,Satisfied,Streamlined Onboarding Process
34,Beginner,Free,Active,Usability,Dissatisfied,Standard Feature Set
53,Beginner,Free,Inactive,Design,Dissatisfied,Improved Performance Optimization
57,Beginner,Basic,Moderate,Design,Satisfied,New User Interface Enhancements
21,Advanced,Free,Moderate,Usability,Neutral,Customizable User Dashboards
19,Advanced,Premium,Inactive,Usability,Dissatisfied,Improved Performance Optimization
23,Intermediate,Free,Active,Usability,Satisfied,Advanced Analytics Module
59,Intermediate,Premium,Active,Usability,Dissatisfied,Standard Feature Set
21,Beginner,Free,Moderate,Design,Dissatisfied,New User Interface Enhancements
46,Advanced,Free,Moderate,Design,Dissatisfied,New User Interface Enhancements
35,Advanced,Free,Active,Usability,Dissatisfied,Standard Feature Set
43,Advanced,Free,Inactive,Functionality,Satisfied,Standard Feature Set
61,Intermediate,Premium,Moderate,Functionality,Satisfied,Enhanced Reporting Features
51,Intermediate,Premium,Active,Design,Satisfied,Advanced Analytics Module
27,Advanced,Basic,Moderate,Usability,Dissatisfied,Customizable User Dashboards
53,Advanced,Premium,Inactive,Usability,Dissatisfied,Improved Performance Optimization
31,Advanced,Free,Active,Design,Dissatisfied,Standard Feature Set
48,Intermediate,Basic,Moderate,Functionality,Satisfied,Enhanced Reporting Features
32,Advanced,Basic,Inactive,Functionality,Dissatisfied,Improved Performance Optimization
25,Advanced,Basic,Moderate,Functionality,Neutral,Standard Feature Set
31,Beginner,Free,Inactive,Design,Dissatisfied,Improved Performance Optimization
40,Beginner,Premium,Inactive,Functionality,Neutral,Standard Feature Set
57,Intermediate,Free,Active,Design,Dissatisfied,Standard Feature Set
38,Advanced,Basic,Inactive,Design,Satisfied,Standard Feature Set
33,Advanced,Free,Moderate,Usability,Dissatisfied,Customizable User Dashboards
62,Beginner,Free,Inactive,Functionality,Neutral,Standard Feature Set
35,Intermediate,Premium,Inactive,Design,Neutral,Standard Feature Set
64,Beginner,Premium,Active,Functionality,Dissatisfied,Integration with External Tools
41,Beginner,Basic,Inactive,Functionality,Neutral,Standard Feature Set
43,Beginner,Free,Inactive,Usability,Neutral,Streamlined Onboarding Process
42,Beginner,Free,Moderate,Functionality,Satisfied,Enhanced Reporting Features
62,Advanced,Premium,Active,Usability,Dissatisfied,Standard Feature Set
58,Advanced,Free,Active,Design,Dissatisfied,Standard Feature Set
46,Beginner,Free,Active,Functionality,Dissatisfied,Integration with External Tools
32,Intermediate,Free,Inactive,Design,Neutral,Standard Feature Set
62,Intermediate,Premium,Active,Functionality,Dissatisfied,Integration with External Tools
18,Intermediate,Basic,Inactive,Design,Dissatisfied,Improved Performance Optimization
42,Intermediate,Basic,Inactive,Functionality,Satisfied,Standard Feature Set
24,Beginner,Free,Moderate,Functionality,Satisfied,Enhanced Reporting Features
26,Advanced,Basic,Moderate,Functionality,Satisfied,Enhanced Reporting Features
41,Intermediate,Premium,Moderate,Functionality,Neutral,Standard Feature Set
18,Beginner,Premium,Moderate,Functionality,Dissatisfied,Standard Feature Set
61,Intermediate,Basic,Moderate,Functionality,Satisfied,Enhanced Reporting Features
25,Intermediate,Basic,Inactive,Functionality,Satisfied,Standard Feature Set
41,Beginner,Free,Inactive,Functionality,Satisfied,Standard Feature Set
28,Advanced,Basic,Active,Functionality,Dissatisfied,Integration with External Tools
34,Advanced,Free,Inactive,Design,Dissatisfied,Improved Performance Optimization
25,Beginner,Free,Inactive,Usability,Dissatisfied,Improved Performance Optimization
52,Advanced,Premium,Moderate,Functionality,Neutral,Standard Feature Set
52,Beginner,Premium,Inactive,Usability,Neutral,Streamlined Onboarding Process
50,Beginner,Premium,Moderate,Functionality,Satisfied,Enhanced Reporting Features
22,Beginner,Premium,Active,Functionality,Dissatisfied,Integration with External Tools
59,Advanced,Basic,Active,Design,Satisfied,Advanced Analytics Module
56,Beginner,Premium,Inactive,Design,Dissatisfied,Improved Performance Optimization
58,Intermediate,Basic,Active,Usability,Dissatisfied,Standard Feature Set
45,Advanced,Premium,Inactive,Design,Dissatisfied,Improved Performance Optimization
24,Advanced,Basic,Active,Design,Neutral,Cross-Platform Compatibility
26,Advanced,Free,Moderate,Usability,Neutral,Customizable User Dashboards
25,Advanced,Basic,Moderate,Design,Dissatisfied,New User Interface Enhancements
29,Intermediate,Basic,Moderate,Functionality,Satisfied,Enhanced Reporting Features
51,Advanced,Premium,Moderate,Usability,Dissatisfied,Customizable User Dashboards
50,Advanced,Basic,Inactive,Usability,Dissatisfied,Improved Performance Optimization
40,Beginner,Free,Active,Functionality,Satisfied,Advanced Analytics Module
41,Advanced,Free,Inactive,Design,Dissatisfied,Improved Performance Optimization
54,Intermediate,Premium,Moderate,Usability,Satisfied,Enhanced Reporting Features
52,Intermediate,Free,Inactive,Usability,Neutral,Streamlined Onboarding Process
61,Intermediate,Basic,Active,Functionality,Neutral,Integration with External Tools
57,Intermediate,Free,Inactive,Functionality,Satisfied,Standard Feature Set
39,Advanced,Premium,Active,Design,Neutral,Cross-Platform Compatibility
44,Advanced,Basic,Inactive,Usability,Neutral,Streamlined Onboarding Process
52,Intermediate,Premium,Active,Design,Satisfied,Advanced Analytics Module
18,Intermediate,Basic,Active,Design,Neutral,Cross-Platform Compatibility
52,Advanced,Free,Moderate,Functionality,Dissatisfied,Standard Feature Set
54,Intermediate,Premium,Active,Usability,Dissatisfied,Standard Feature Set
64,Beginner,Premium,Moderate,Usability,Satisfied,Enhanced Reporting Features
31,Intermediate,Basic,Moderate,Usability,Neutral,Customizable User Dashboards
20,Intermediate,Premium,Moderate,Functionality,Dissatisfied,Standard Feature Set
18,Beginner,Basic,Inactive,Functionality,Dissatisfied,Improved Performance Optimization
22,Beginner,Basic,Inactive,Functionality,Neutral,Standard Feature Set
43,Advanced,Basic,Inactive,Functionality,Neutral,Standard Feature Set
31,Advanced,Basic,Inactive,Functionality,Dissatisfied,Improved Performance Optimization
56,Beginner,Free,Active,Usability,Dissatisfied,Standard Feature Set
44,Beginner,Basic,Active,Design,Satisfied,Advanced Analytics Module
26,Advanced,Premium,Inactive,Usability,Satisfied,Streamlined Onboarding Process
32,Intermediate,Free,Active,Design,Dissatisfied,Standard Feature Set
32,Beginner,Premium,Active,Functionality,Satisfied,Advanced Analytics Module
43,Advanced,Free,Moderate,Design,Dissatisfied,New User Interface Enhancements
59,Intermediate,Basic,Moderate,Usability,Dissatisfied,Customizable User Dashboards
30,Beginner,Free,Moderate,Usability,Satisfied,Enhanced Reporting Features
49,Intermediate,Free,Moderate,Design,Satisfied,New User Interface Enhancements
56,Advanced,Premium,Active,Functionality,Neutral,Integration with External Tools
49,Beginner,Premium,Inactive,Functionality,Neutral,Standard Feature Set
21,Intermediate,Basic,Active,Usability,Neutral,Cross-Platform Compatibility
47,Beginner,Free,Active,Design,Dissatisfied,Standard Feature Set
54,Intermediate,Free,Active,Functionality,Satisfied,Advanced Analytics Module
40,Advanced,Free,Moderate,Functionality,Dissatisfied,Standard Feature Set
56,Advanced,Basic,Moderate,Usability,Satisfied,Enhanced Reporting Features
62,Beginner,Basic,Moderate,Functionality,Dissatisfied,Standard Feature Set
32,Intermediate,Basic,Inactive,Design,Neutral,Standard Feature Set
60,Beginner,Basic,Active,Usability,Neutral,Cross-Platform Compatibility
46,Beginner,Basic,Inactive,Usability,Neutral,Streamlined Onboarding Process
53,Intermediate,Premium,Moderate,Design,Dissatisfied,New User Interface Enhancements
30,Intermediate,Free,Inactive,Usability,Satisfied,Streamlined Onboarding Process
49,Intermediate,Free,Active,Functionality,Satisfied,Advanced Analytics Module
24,Advanced,Free,Active,Functionality,Neutral,Integration with External Tools
39,Beginner,Free,Moderate,Design,Neutral,New User Interface Enhancements
45,Beginner,Free,Moderate,Functionality,Neutral,Standard Feature Set
19,Advanced,Free,Inactive,Design,Neutral,Standard Feature Set
59,Intermediate,Free,Moderate,Design,Satisfied,New User Interface Enhancements
62,Advanced,Free,Moderate,Functionality,Dissatisfied,Standard Feature Set
23,Advanced,Premium,Active,Design,Dissatisfied,Standard Feature Set
45,Advanced,Free,Moderate,Functionality,Dissatisfied,Standard Feature Set
45,Beginner,Premium,Moderate,Usability,Dissatisfied,Customizable User Dashboards
61,Advanced,Basic,Active,Usability,Neutral,Cross-Platform Compatibility
61,Beginner,Free,Active,Design,Neutral,Cross-Platform Compatibility
37,Beginner,Basic,Inactive,Functionality,Neutral,Standard Feature Set
47,Beginner,Basic,Moderate,Functionality,Dissatisfied,Standard Feature Set
28,Intermediate,Basic,Active,Usability,Neutral,Cross-Platform Compatibility
45,Beginner,Premium,Inactive,Usability,Neutral,Streamlined Onboarding Process
42,Beginner,Basic,Inactive,Functionality,Satisfied,Standard Feature Set
56,Intermediate,Basic,Moderate,Design,Satisfied,New User Interface Enhancements
50,Beginner,Basic,Moderate,Usability,Neutral,Customizable User Dashboards
18,Advanced,Free,Inactive,Design,Satisfied,Standard Feature Set
44,Advanced,Free,Active,Design,Satisfied,Advanced Analytics Module
30,Beginner,Premium,Inactive,Usability,Neutral,Streamlined Onboarding Process
58,Intermediate,Premium,Moderate,Design,Neutral,New User Interface Enhancements
20,Advanced,Free,Active,Design,Neutral,Cross-Platform Compatibility
56,Intermediate,Premium,Active,Functionality,Neutral,Integration with External Tools
23,Intermediate,Free,Inactive,Design,Dissatisfied,Improved Performance Optimization
25,Advanced,Basic,Moderate,Functionality,Dissatisfied,Standard Feature Set
44,Intermediate,Basic,Inactive,Usability,Neutral,Streamlined Onboarding Process
26,Advanced,Premium,Inactive,Usability,Satisfied,Streamlined Onboarding Process
54,Intermediate,Free,Inactive,Functionality,Neutral,Standard Feature Set
50,Advanced,Free,Active,Usability,Neutral,Cross-Platform Compatibility
59,Beginner,Premium,Active,Design,Satisfied,Advanced Analytics Module
61,Advanced,Free,Moderate,Design,Dissatisfied,New User Interface Enhancements
41,Advanced,Basic,Moderate,Design,Neutral,New User Interface Enhancements
32,Advanced,Premium,Inactive,Usability,Neutral,Streamlined Onboarding Process
49,Advanced,Premium,Inactive,Design,Dissatisfied,Improved Performance Optimization
49,Intermediate,Free,Inactive,Usability,Dissatisfied,Improved Performance Optimization
41,Beginner,Premium,Moderate,Design,Satisfied,New User Interface Enhancements
58,Advanced,Free,Active,Functionality,Dissatisfied,Integration with External Tools
29,Intermediate,Free,Active,Usability,Dissatisfied,Standard Feature Set
56,Beginner,Free,Inactive,Usability,Dissatisfied,Improved Performance Optimization
19,Beginner,Free,Inactive,Design,Satisfied,Standard Feature Set
20,Beginner,Free,Inactive,Usability,Dissatisfied,Improved Performance Optimization
54,Beginner,Premium,Inactive,Usability,Dissatisfied,Improved Performance Optimization
34,Advanced,Basic,Moderate,Functionality,Satisfied,Enhanced Reporting Features
19,Advanced,Basic,Active,Functionality,Dissatisfied,Integration with External Tools
19,Intermediate,Premium,Inactive,Design,Dissatisfied,Improved Performance Optimization
45,Intermediate,Premium,Moderate,Functionality,Satisfied,Enhanced Reporting Features
40,Intermediate,Basic,Inactive,Design,Neutral,Standard Feature Set
54,Beginner,Basic,Inactive,Design,Satisfied,Standard Feature Set
49,Beginner,Basic,Active,Design,Dissatisfied,Standard Feature Set
50,Advanced,Basic,Inactive,Usability,Dissatisfied,Improved Performance Optimization
18,Beginner,Basic,Active,Functionality,Dissatisfied,Integration with External Tools
36,Beginner,Free,Active,Design,Satisfied,Advanced Analytics Module
19,Beginner,Premium,Active,Functionality,Dissatisfied,Integration with External Tools
61,Intermediate,Free,Moderate,Design,Dissatisfied,New User Interface Enhancements
43,Intermediate,Basic,Moderate,Functionality,Satisfied,Enhanced Reporting Features
49,Advanced,Basic,Active,Functionality,Neutral,Integration with External Tools
23,Beginner,Basic,Inactive,Design,Neutral,Standard Feature Set
49,Beginner,Free,Active,Usability,Dissatisfied,Standard Feature Set
21,Advanced,Free,Inactive,Functionality,Satisfied,Standard Feature Set
28,Beginner,Basic,Active,Usability,Dissatisfied,Standard Feature Set
34,Beginner,Free,Inactive,Usability,Satisfied,Streamlined Onboarding Process
55,Intermediate,Free,Moderate,Design,Satisfied,New User Interface Enhancements
41,Advanced,Basic,Inactive,Design,Neutral,Standard Feature Set
22,Advanced,Free,Active,Design,Neutral,Cross-Platform Compatibility
51,Advanced,Premium,Moderate,Functionality,Satisfied,Enhanced Reporting Features
23,Advanced,Premium,Inactive,Design,Dissatisfied,Improved Performance Optimization
39,Intermediate,Premium,Inactive,Design,Neutral,Standard Feature Set
28,Intermediate,Premium,Inactive,Functionality,Dissatisfied,Improved Performance Optimization
33,Beginner,Basic,Inactive,Functionality,Neutral,Standard Feature Set
50,Beginner,Basic,Inactive,Design,Neutral,Standard Feature Set
26,Beginner,Basic,Moderate,Design,Dissatisfied,New User Interface Enhancements
23,Beginner,Premium,Moderate,Design,Neutral,New User Interface Enhancements
33,Intermediate,Premium,Moderate,Design,Neutral,New User Interface Enhancements
46,Advanced,Free,Moderate,Usability,Dissatisfied,Customizable User Dashboards
20,Intermediate,Free,Active,Usability,Neutral,Cross-Platform Compatibility
37,Beginner,Premium,Moderate,Design,Neutral,New User Interface Enhancements
53,Intermediate,Premium,Inactive,Usability,Neutral,Streamlined Onboarding Process
36,Advanced,Premium,Inactive,Functionality,Dissatisfied,Improved Performance Optimization
43,Advanced,Premium,Moderate,Usability,Satisfied,Enhanced Reporting Features
20,Intermediate,Free,Inactive,Usability,Dissatisfied,Improved Performance Optimization
36,Intermediate,Premium,Moderate,Design,Satisfied,New User Interface Enhancements
37,Intermediate,Free,Inactive,Usability,Neutral,Streamlined Onboarding Process
49,Beginner,Premium,Active,Usability,Satisfied,Advanced Analytics Module
24,Intermediate,Premium,Active,Usability,Dissatisfied,Standard Feature Set
58,Intermediate,Premium,Moderate,Usability,Dissatisfied,Customizable User Dashboards
50,Intermediate,Free,Moderate,Functionality,Neutral,Standard Feature Set
57,Advanced,Free,Moderate,Design,Satisfied,New User Interface Enhancements
56,Advanced,Basic,Inactive,Design,Neutral,Standard Feature Set
35,Beginner,Premium,Moderate,Functionality,Neutral,Standard Feature Set
57,Beginner,Basic,Active,Usability,Dissatisfied,Standard Feature Set
18,Advanced,Basic,Inactive,Functionality,Satisfied,Standard Feature Set
28,Advanced,Free,Moderate,Usability,Satisfied,Enhanced Reporting Features
45,Advanced,Free,Inactive,Functionality,Satisfied,Standard Feature Set
42,Intermediate,Basic,Inactive,Design,Satisfied,Standard Feature Set
40,Intermediate,Premium,Moderate,Design,Neutral,New User Interface Enhancements
48,Advanced,Free,Inactive,Design,Neutral,Standard Feature Set
47,Intermediate,Premium,Active,Usability,Dissatisfied,Standard Feature Set
59,Intermediate,Premium,Active,Usability,Neutral,Cross-Platform Compatibility
52,Beginner,Basic,Inactive,Functionality,Neutral,Standard Feature Set
24,Advanced,Basic,Moderate,Functionality,Dissatisfied,Standard Feature Set
33,Advanced,Basic,Inactive,Design,Dissatisfied,Improved Performance Optimization
43,Intermediate,Basic,Active,Usability,Dissatisfied,Standard Feature Set
19,Advanced,Free,Inactive,Functionality,Neutral,Standard Feature Set
18,Beginner,Free,Inactive,Usability,Neutral,Streamlined Onboarding Process
29,Beginner,Basic,Active,Usability,Dissatisfied,Standard Feature Set
22,Beginner,Free,Inactive,Design,Dissatisfied,Improved Performance Optimization
54,Advanced,Basic,Inactive,Design,Dissatisfied,Improved Performance Optimization
49,Advanced,Premium,Moderate,Usability,Neutral,Customizable User Dashboards
26,Advanced,Premium,Moderate,Usability,Neutral,Customizable User Dashboards
58,Advanced,Premium,Active,Usability,Satisfied,Advanced Analytics Module
52,Advanced,Basic,Active,Usability,Neutral,Cross-Platform Compatibility
36,Beginner,Premium,Active,Design,Neutral,Cross-Platform Compatibility
33,Intermediate,Free,Moderate,Functionality,Neutral,Standard Feature Set
20,Beginner,Premium,Active,Design,Dissatisfied,Standard Feature Set
37,Advanced,Premium,Active,Functionality,Neutral,Integration with External Tools
41,Beginner,Premium,Active,Usability,Dissatisfied,Standard Feature Set
50,Advanced,Free,Moderate,Functionality,Satisfied,Enhanced Reporting Features
41,Advanced,Basic,Inactive,Design,Satisfied,Standard Feature Set
28,Beginner,Free,Active,Design,Dissatisfied,Standard Feature Set
25,Advanced,Basic,Inactive,Usability,Dissatisfied,Improved Performance Optimization
53,Intermediate,Basic,Active,Design,Dissatisfied,Standard Feature Set
55,Advanced,Premium,Inactive,Usability,Neutral,Streamlined Onboarding Process
57,Intermediate,Basic,Moderate,Design,Satisfied,New User Interface Enhancements
37,Intermediate,Free,Moderate,Design,Dissatisfied,New User Interface Enhancements
52,Advanced,Free,Active,Usability,Neutral,Cross-Platform Compatibility
42,Beginner,Basic,Inactive,Functionality,Satisfied,Standard Feature Set
52,Intermediate,Premium,Moderate,Design,Neutral,New User Interface Enhancements
42,Beginner,Premium,Active,Functionality,Satisfied,Advanced Analytics Module
46,Intermediate,Free,Active,Design,Neutral,Cross-Platform Compatibility
35,Advanced,Premium,Moderate,Design,Satisfied,New User Interface Enhancements
63,Advanced,Basic,Moderate,Design,Satisfied,New User Interface Enhancements
35,Intermediate,Basic,Active,Design,Neutral,Cross-Platform Compatibility
19,Advanced,Free,Inactive,Functionality,Dissatisfied,Improved Performance Optimization
52,Intermediate,Basic,Inactive,Functionality,Satisfied,Standard Feature Set
33,Advanced,Free,Inactive,Design,Dissatisfied,Improved Performance Optimization
58,Beginner,Basic,Active,Design,Neutral,Cross-Platform Compatibility
53,Advanced,Free,Moderate,Functionality,Dissatisfied,Standard Feature Set
50,Beginner,Premium,Active,Usability,Dissatisfied,Standard Feature Set
21,Advanced,Basic,Moderate,Usability,Dissatisfied,Customizable User Dashboards
50,Beginner,Basic,Inactive,Functionality,Dissatisfied,Improved Performance Optimization
31,Advanced,Free,Inactive,Design,Dissatisfied,Improved Performance Optimization
38,Beginner,Free,Moderate,Design,Satisfied,New User Interface Enhancements
37,Intermediate,Basic,Moderate,Usability,Satisfied,Enhanced Reporting Features
25,Intermediate,Free,Active,Usability,Satisfied,Advanced Analytics Module
24,Beginner,Basic,Inactive,Functionality,Neutral,Standard Feature Set
20,Advanced,Premium,Active,Usability,Dissatisfied,Standard Feature Set
34,Beginner,Free,Active,Functionality,Satisfied,Advanced Analytics Module
50,Advanced,Basic,Active,Usability,Neutral,Cross-Platform Compatibility
29,Intermediate,Premium,Inactive,Usability,Satisfied,Streamlined Onboarding Process
39,Advanced,Premium,Active,Usability,Satisfied,Advanced Analytics Module
39,Intermediate,Basic,Active,Design,Dissatisfied,Standard Feature Set
63,Advanced,Free,Active,Design,Neutral,Cross-Platform Compatibility
47,Advanced,Basic,Active,Design,Dissatisfied,Standard Feature Set
55,Advanced,Premium,Active,Usability,Dissatisfied,Standard Feature Set
55,Beginner,Basic,Active,Functionality,Satisfied,Advanced Analytics Module
62,Beginner,Free,Inactive,Functionality,Dissatisfied,Improved Performance Optimization
25,Intermediate,Premium,Active,Functionality,Neutral,Integration with External Tools
44,Intermediate,Basic,Moderate,Functionality,Dissatisfied,Standard Feature Set
44,Beginner,Free,Active,Design,Dissatisfied,Standard Feature Set
51,Intermediate,Premium,Active,Design,Dissatisfied,Standard Feature Set
38,Beginner,Free,Inactive,Usability,Satisfied,Streamlined Onboarding Process
47,Advanced,Premium,Inactive,Usability,Neutral,Streamlined Onboarding Process
50,Intermediate,Basic,Moderate,Functionality,Satisfied,Enhanced Reporting Features
45,Intermediate,Free,Moderate,Design,Satisfied,New User Interface Enhancements
64,Beginner,Premium,Inactive,Functionality,Satisfied,Standard Feature Set
50,Intermediate,Free,Inactive,Usability,Satisfied,Streamlined Onboarding Process
22,Intermediate,Free,Active,Usability,Satisfied,Advanced Analytics Module
36,Advanced,Basic,Inactive,Functionality,Neutral,Standard Feature Set
21,Intermediate,Free,Moderate,Usability,Dissatisfied,Customizable User Dashboards
52,Advanced,Premium,Active,Functionality,Satisfied,Advanced Analytics Module
34,Beginner,Premium,Moderate,Design,Satisfied,New User Interface Enhancements
61,Intermediate,Premium,Active,Functionality,Neutral,Integration with External Tools
45,Advanced,Premium,Inactive,Design,Neutral,Standard Feature Set
47,Beginner,Basic,Moderate,Design,Dissatisfied,New User Interface Enhancements
46,Intermediate,Free,Active,Usability,Neutral,Cross-Platform Compatibility
63,Beginner,Basic,Active,Usability,Dissatisfied,Standard Feature Set
23,Intermediate,Free,Inactive,Usability,Satisfied,Streamlined Onboarding Process
52,Beginner,Free,Inactive,Functionality,Satisfied,Standard Feature Set
58,Beginner,Free,Inactive,Functionality,Dissatisfied,Improved Performance Optimization
54,Advanced,Basic,Moderate,Usability,Neutral,Customizable User Dashboards
41,Beginner,Free,Active,Functionality,Dissatisfied,Integration with External Tools
46,Intermediate,Basic,Inactive,Usability,Neutral,Streamlined Onboarding Process
63,Intermediate,Premium,Moderate,Functionality,Satisfied,Enhanced Reporting Features
48,Advanced,Premium,Moderate,Design,Neutral,New User Interface Enhancements
52,Intermediate,Free,Moderate,Design,Dissatisfied,New User Interface Enhancements
50,Intermediate,Basic,Inactive,Usability,Dissatisfied,Improved Performance Optimization
38,Intermediate,Premium,Inactive,Functionality,Satisfied,Standard Feature Set
49,Beginner,Basic,Active,Functionality,Neutral,Integration with External Tools
40,Beginner,Basic,Active,Design,Neutral,Cross-Platform Compatibility
50,Intermediate,Free,Inactive,Design,Neutral,Standard Feature Set
20,Advanced,Premium,Moderate,Usability,Satisfied,Enhanced Reporting Features
35,Beginner,Free,Moderate,Design,Neutral,New User Interface Enhancements
42,Advanced,Free,Moderate,Usability,Dissatisfied,Customizable User Dashboards
59,Intermediate,Premium,Active,Design,Neutral,Cross-Platform Compatibility
48,Intermediate,Premium,Moderate,Design,Satisfied,New User Interface Enhancements
20,Beginner,Basic,Active,Functionality,Neutral,Integration with External Tools
57,Intermediate,Premium,Active,Design,Neutral,Cross-Platform Compatibility
63,Beginner,Basic,Moderate,Design,Dissatisfied,New User Interface Enhancements
41,Intermediate,Basic,Moderate,Usability,Neutral,Customizable User Dashboards
49,Intermediate,Basic,Inactive,Design,Dissatisfied,Improved Performance Optimization
64,Beginner,Premium,Inactive,Usability,Dissatisfied,Improved Performance Optimization
39,Beginner,Free,Moderate,Design,Satisfied,New User Interface Enhancements
40,Beginner,Basic,Active,Design,Dissatisfied,Standard Feature Set
19,Intermediate,Free,Active,Usability,Dissatisfied,Standard Feature Set
44,Intermediate,Free,Active,Functionality,Satisfied,Advanced Analytics Module
59,Advanced,Premium,Active,Usability,Dissatisfied,Standard Feature Set
19,Beginner,Free,Active,Usability,Satisfied,Advanced Analytics Module
43,Intermediate,Free,Inactive,Usability,Neutral,Streamlined Onboarding Process
34,Intermediate,Premium,Moderate,Functionality,Satisfied,Enhanced Reporting Features
57,Beginner,Basic,Inactive,Design,Dissatisfied,Improved Performance Optimization
50,Advanced,Free,Active,Usability,Satisfied,Advanced Analytics Module
26,Beginner,Premium,Active,Usability,Dissatisfied,Standard Feature Set
60,Advanced,Free,Active,Functionality,Neutral,Integration with External Tools
56,Intermediate,Free,Active,Usability,Satisfied,Advanced Analytics Module
46,Advanced,Basic,Moderate,Design,Neutral,New User Interface Enhancements
59,Intermediate,Free,Active,Functionality,Dissatisfied,Integration with External Tools
43,Beginner,Premium,Moderate,Design,Dissatisfied,New User Interface Enhancements
52,Beginner,Free,Active,Design,Neutral,Cross-Platform Compatibility
42,Beginner,Basic,Moderate,Functionality,Satisfied,Enhanced Reporting Features
41,Advanced,Basic,Inactive,Usability,Satisfied,Streamlined Onboarding Process
30,Intermediate,Premium,Active,Design,Dissatisfied,Standard Feature Set
24,Beginner,Basic,Moderate,Design,Neutral,New User Interface Enhancements
53,Beginner,Free,Inactive,Design,Neutral,Standard Feature Set
62,Intermediate,Basic,Active,Design,Satisfied,Advanced Analytics Module
37,Beginner,Premium,Active,Functionality,Satisfied,Advanced Analytics Module
18,Intermediate,Basic,Active,Functionality,Satisfied,Advanced Analytics Module
25,Intermediate,Basic,Moderate,Design,Neutral,New User Interface Enhancements
63,Intermediate,Basic,Moderate,Usability,Satisfied,Enhanced Reporting Features
33,Intermediate,Premium,Inactive,Design,Satisfied,Standard Feature Set
31,Intermediate,Basic,Moderate,Usability,Dissatisfied,Customizable User Dashboards
29,Advanced,Basic,Moderate,Design,Satisfied,New User Interface Enhancements
40,Beginner,Free,Active,Usability,Satisfied,Advanced Analytics Module
32,Advanced,Premium,Active,Design,Neutral,Cross-Platform Compatibility
45,Beginner,Basic,Active,Usability,Neutral,Cross-Platform Compatibility
51,Advanced,Premium,Active,Design,Dissatisfied,Standard Feature Set
19,Intermediate,Basic,Active,Design,Satisfied,Advanced Analytics Module
49,Beginner,Basic,Active,Usability,Dissatisfied,Standard Feature Set
40,Beginner,Basic,Active,Functionality,Neutral,Integration with External Tools
39,Advanced,Free,Inactive,Usability,Dissatisfied,Improved Performance Optimization
42,Advanced,Free,Inactive,Functionality,Neutral,Standard Feature Set
39,Beginner,Free,Inactive,Design,Dissatisfied,Improved Performance Optimization
39,Advanced,Premium,Inactive,Usability,Dissatisfied,Improved Performance Optimization
59,Advanced,Premium,Active,Usability,Satisfied,Advanced Analytics Module
23,Advanced,Free,Inactive,Usability,Dissatisfied,Improved Performance Optimization
32,Intermediate,Premium,Active,Functionality,Satisfied,Advanced Analytics Module
60,Intermediate,Basic,Inactive,Functionality,Satisfied,Standard Feature Set
54,Advanced,Basic,Moderate,Design,Satisfied,New User Interface Enhancements
50,Advanced,Basic,Inactive,Functionality,Satisfied,Standard Feature Set
25,Intermediate,Free,Inactive,Functionality,Dissatisfied,Improved Performance Optimization
61,Intermediate,Premium,Active,Design,Neutral,Cross-Platform Compatibility
61,Beginner,Free,Inactive,Usability,Neutral,Streamlined Onboarding Process
22,Beginner,Premium,Moderate,Usability,Neutral,Customizable User Dashboards
56,Intermediate,Basic,Active,Design,Dissatisfied,Standard Feature Set
21,Advanced,Free,Active,Usability,Satisfied,Advanced Analytics Module
23,Advanced,Premium,Inactive,Functionality,Neutral,Standard Feature Set
62,Advanced,Premium,Active,Design,Dissatisfied,Standard Feature Set
49,Advanced,Basic,Active,Design,Satisfied,Advanced Analytics Module
47,Beginner,Free,Active,Design,Neutral,Cross-Platform Compatibility
64,Intermediate,Free,Active,Usability,Satisfied,Advanced Analytics Module
52,Advanced,Free,Active,Design,Neutral,Cross-Platform Compatibility
57,Beginner,Basic,Active,Design,Neutral,Cross-Platform Compatibility
33,Advanced,Free,Moderate,Design,Neutral,New User Interface Enhancements
30,Intermediate,Basic,Inactive,Usability,Satisfied,Streamlined Onboarding Process
59,Beginner,Basic,Moderate,Functionality,Dissatisfied,Standard Feature Set
47,Intermediate,Basic,Active,Design,Satisfied,Advanced Analytics Module
36,Intermediate,Premium,Active,Functionality,Neutral,Integration with External Tools
34,Beginner,Free,Inactive,Usability,Satisfied,Streamlined Onboarding Process
36,Beginner,Free,Moderate,Usability,Dissatisfied,Customizable User Dashboards
45,Beginner,Basic,Inactive,Usability,Satisfied,Streamlined Onboarding Process
43,Beginner,Basic,Moderate,Usability,Dissatisfied,Customizable User Dashboards
54,Beginner,Free,Active,Functionality,Dissatisfied,Integration with External Tools
43,Beginner,Basic,Inactive,Design,Satisfied,Standard Feature Set
40,Beginner,Free,Inactive,Usability,Neutral,Streamlined Onboarding Process
26,Advanced,Premium,Active,Usability,Dissatisfied,Standard Feature Set
29,Intermediate,Basic,Inactive,Functionality,Satisfied,Standard Feature Set
18,Beginner,Free,Moderate,Functionality,Dissatisfied,Standard Feature Set
18,Advanced,Basic,Moderate,Usability,Neutral,Customizable User Dashboards
64,Advanced,Free,Moderate,Design,Satisfied,New User Interface Enhancements
51,Advanced,Free,Moderate,Design,Satisfied,New User Interface Enhancements
49,Intermediate,Basic,Active,Usability,Satisfied,Advanced Analytics Module
42,Beginner,Premium,Inactive,Functionality,Neutral,Standard Feature Set
57,Advanced,Free,Moderate,Usability,Dissatisfied,Customizable User Dashboards
62,Intermediate,Free,Active,Usability,Satisfied,Advanced Analytics Module
18,Intermediate,Free,Inactive,Functionality,Dissatisfied,Improved Performance Optimization
33,Intermediate,Premium,Inactive,Usability,Dissatisfied,Improved Performance Optimization
56,Advanced,Premium,Active,Usability,Neutral,Cross-Platform Compatibility
22,Beginner,Basic,Active,Usability,Satisfied,Advanced Analytics Module
39,Advanced,Premium,Moderate,Functionality,Dissatisfied,Standard Feature Set
46,Advanced,Basic,Inactive,Design,Satisfied,Standard Feature Set
20,Beginner,Basic,Inactive,Design,Satisfied,Standard Feature Set
29,Beginner,Premium,Active,Functionality,Neutral,Integration with External Tools
43,Beginner,Basic,Inactive,Design,Satisfied,Standard Feature Set
33,Intermediate,Premium,Moderate,Usability,Satisfied,Enhanced Reporting Features
54,Beginner,Basic,Inactive,Design,Dissatisfied,Improved Performance Optimization
39,Advanced,Premium,Active,Usability,Neutral,Cross-Platform Compatibility
46,Beginner,Premium,Active,Design,Satisfied,Advanced Analytics Module
31,Advanced,Basic,Moderate,Functionality,Dissatisfied,Standard Feature Set
45,Intermediate,Free,Moderate,Design,Neutral,New User Interface Enhancements
22,Advanced,Basic,Inactive,Design,Neutral,Standard Feature Set
64,Advanced,Premium,Inactive,Design,Dissatisfied,Improved Performance Optimization
47,Beginner,Free,Active,Functionality,Dissatisfied,Integration with External Tools
63,Beginner,Basic,Moderate,Design,Dissatisfied,New User Interface Enhancements
22,Advanced,Basic,Moderate,Functionality,Dissatisfied,Standard Feature Set
29,Beginner,Basic,Moderate,Usability,Dissatisfied,Customizable User Dashboards
33,Intermediate,Free,Inactive,Design,Satisfied,Standard Feature Set
43,Intermediate,Premium,Moderate,Functionality,Satisfied,Enhanced Reporting Features
43,Beginner,Basic,Active,Functionality,Neutral,Integration with External Tools
38,Intermediate,Basic,Active,Design,Satisfied,Advanced Analytics Module
56,Beginner,Basic,Inactive,Usability,Satisfied,Streamlined Onboarding Process
53,Advanced,Basic,Inactive,Functionality,Satisfied,Standard Feature Set
50,Advanced,Basic,Moderate,Design,Dissatisfied,New User Interface Enhancements
47,Intermediate,Premium,Inactive,Usability,Neutral,Streamlined Onboarding Process
54,Beginner,Premium,Active,Functionality,Neutral,Integration with External Tools
40,Beginner,Basic,Moderate,Functionality,Neutral,Standard Feature Set
27,Intermediate,Free,Active,Usability,Neutral,Cross-Platform Compatibility
22,Advanced,Premium,Moderate,Usability,Satisfied,Enhanced Reporting Features
53,Intermediate,Free,Inactive,Design,Satisfied,Standard Feature Set
51,Advanced,Premium,Moderate,Design,Dissatisfied,New User Interface Enhancements
48,Beginner,Basic,Moderate,Functionality,Neutral,Standard Feature Set
27,Advanced,Premium,Active,Usability,Satisfied,Advanced Analytics Module
36,Intermediate,Basic,Active,Usability,Satisfied,Advanced Analytics Module
49,Beginner,Premium,Moderate,Usability,Dissatisfied,Customizable User Dashboards
18,Intermediate,Basic,Inactive,Functionality,Dissatisfied,Improved Performance Optimization
22,Intermediate,Basic,Inactive,Usability,Dissatisfied,Improved Performance Optimization
62,Advanced,Basic,Active,Usability,Satisfied,Advanced Analytics Module
21,Intermediate,Basic,Inactive,Functionality,Satisfied,Standard Feature Set
33,Advanced,Free,Active,Design,Dissatisfied,Standard Feature Set
41,Beginner,Basic,Inactive,Design,Neutral,Standard Feature Set
33,Advanced,Free,Moderate,Functionality,Dissatisfied,Standard Feature Set
19,Beginner,Free,Active,Usability,Dissatisfied,Standard Feature Set
45,Advanced,Basic,Active,Functionality,Dissatisfied,Integration with External Tools
49,Intermediate,Free,Moderate,Design,Dissatisfied,New User Interface Enhancements
44,Advanced,Premium,Active,Design,Satisfied,Advanced Analytics Module
37,Advanced,Basic,Inactive,Functionality,Neutral,Standard Feature Set
41,Beginner,Free,Inactive,Functionality,Dissatisfied,Improved Performance Optimization
29,Intermediate,Basic,Active,Design,Neutral,Cross-Platform Compatibility
52,Advanced,Basic,Inactive,Functionality,Neutral,Standard Feature Set
50,Intermediate,Basic,Active,Design,Neutral,Cross-Platform Compatibility
50,Advanced,Free,Moderate,Functionality,Dissatisfied,Standard Feature Set
60,Advanced,Premium,Active,Functionality,Satisfied,Advanced Analytics Module
54,Intermediate,Premium,Moderate,Functionality,Dissatisfied,Standard Feature Set
29,Advanced,Free,Inactive,Design,Neutral,Standard Feature Set
20,Intermediate,Basic,Moderate,Functionality,Neutral,Standard Feature Set
18,Advanced,Free,Inactive,Design,Satisfied,Standard Feature Set
50,Beginner,Free,Active,Design,Dissatisfied,Standard Feature Set
57,Intermediate,Free,Inactive,Functionality,Neutral,Standard Feature Set
27,Advanced,Basic,Active,Functionality,Satisfied,Advanced Analytics Module
60,Advanced,Free,Active,Design,Neutral,Cross-Platform Compatibility
61,Beginner,Basic,Moderate,Design,Satisfied,New User Interface Enhancements
46,Intermediate,Free,Moderate,Usability,Satisfied,Enhanced Reporting Features
30,Advanced,Premium,Moderate,Design,Dissatisfied,New User Interface Enhancements
29,Beginner,Free,Moderate,Usability,Neutral,Customizable User Dashboards
48,Advanced,Free,Inactive,Usability,Dissatisfied,Improved Performance Optimization
63,Intermediate,Premium,Inactive,Usability,Neutral,Streamlined Onboarding Process
19,Advanced,Basic,Inactive,Functionality,Dissatisfied,Improved Performance Optimization
52,Advanced,Basic,Active,Functionality,Neutral,Integration with External Tools
40,Advanced,Free,Inactive,Design,Dissatisfied,Improved Performance Optimization
34,Advanced,Premium,Inactive,Usability,Satisfied,Streamlined Onboarding Process
43,Beginner,Basic,Inactive,Functionality,Neutral,Standard Feature Set
25,Beginner,Free,Moderate,Functionality,Neutral,Standard Feature Set
46,Intermediate,Premium,Inactive,Functionality,Satisfied,Standard Feature Set
43,Beginner,Basic,Active,Functionality,Dissatisfied,Integration with External Tools
27,Beginner,Basic,Moderate,Functionality,Neutral,Standard Feature Set
43,Intermediate,Premium,Active,Usability,Neutral,Cross-Platform Compatibility
51,Beginner,Premium,Inactive,Usability,Dissatisfied,Improved Performance Optimization
58,Beginner,Premium,Moderate,Usability,Satisfied,Enhanced Reporting Features
24,Intermediate,Premium,Active,Usability,Dissatisfied,Standard Feature Set
21,Intermediate,Free,Inactive,Design,Dissatisfied,Improved Performance Optimization
62,Intermediate,Premium,Active,Usability,Dissatisfied,Standard Feature Set
28,Advanced,Basic,Active,Functionality,Neutral,Integration with External Tools
46,Advanced,Basic,Active,Usability,Satisfied,Advanced Analytics Module
53,Intermediate,Free,Inactive,Design,Satisfied,Standard Feature Set
42,Intermediate,Basic,Inactive,Functionality,Dissatisfied,Improved Performance Optimization
38,Intermediate,Basic,Active,Usability,Neutral,Cross-Platform Compatibility
53,Advanced,Premium,Moderate,Usability,Dissatisfied,Customizable User Dashboards
27,Advanced,Basic,Moderate,Usability,Neutral,Customizable User Dashboards
54,Beginner,Free,Inactive,Functionality,Neutral,Standard Feature Set
26,Beginner,Premium,Inactive,Functionality,Neutral,Standard Feature Set
41,Intermediate,Premium,Inactive,Design,Neutral,Standard Feature Set
52,Advanced,Free,Inactive,Functionality,Satisfied,Standard Feature Set
52,Advanced,Premium,Inactive,Functionality,Neutral,Standard Feature Set
53,Advanced,Premium,Moderate,Usability,Neutral,Customizable User Dashboards
35,Intermediate,Free,Inactive,Functionality,Dissatisfied,Improved Performance Optimization
56,Beginner,Premium,Active,Usability,Dissatisfied,Standard Feature Set
49,Intermediate,Free,Active,Usability,Satisfied,Advanced Analytics Module
41,Beginner,Free,Moderate,Functionality,Dissatisfied,Standard Feature Set
40,Beginner,Basic,Active,Design,Neutral,Cross-Platform Compatibility
49,Intermediate,Basic,Moderate,Design,Dissatisfied,New User Interface Enhancements
54,Beginner,Premium,Moderate,Functionality,Satisfied,Enhanced Reporting Features
29,Beginner,Premium,Active,Design,Dissatisfied,Standard Feature Set
30,Advanced,Free,Inactive,Usability,Dissatisfied,Improved Performance Optimization
40,Beginner,Premium,Active,Usability,Satisfied,Advanced Analytics Module
42,Intermediate,Free,Active,Functionality,Satisfied,Advanced Analytics Module
52,Intermediate,Free,Moderate,Design,Neutral,New User Interface Enhancements
58,Beginner,Premium,Active,Design,Dissatisfied,Standard Feature Set
47,Advanced,Free,Moderate,Usability,Neutral,Customizable User Dashboards
34,Advanced,Basic,Inactive,Functionality,Dissatisfied,Improved Performance Optimization
37,Beginner,Premium,Inactive,Design,Dissatisfied,Improved Performance Optimization
42,Beginner,Basic,Inactive,Functionality,Neutral,Standard Feature Set
39,Intermediate,Premium,Active,Design,Dissatisfied,Standard Feature Set
30,Beginner,Free,Moderate,Usability,Dissatisfied,Customizable User Dashboards
36,Advanced,Premium,Inactive,Usability,Dissatisfied,Improved Performance Optimization
53,Beginner,Basic,Moderate,Functionality,Satisfied,Enhanced Reporting Features
29,Intermediate,Free,Moderate,Usability,Neutral,Customizable User Dashboards
58,Intermediate,Premium,Inactive,Design,Satisfied,Standard Feature Set
36,Intermediate,Premium,Inactive,Usability,Neutral,Streamlined Onboarding Process
29,Intermediate,Premium,Moderate,Functionality,Neutral,Standard Feature Set
26,Intermediate,Basic,Inactive,Functionality,Dissatisfied,Improved Performance Optimization
24,Beginner,Basic,Moderate,Functionality,Neutral,Standard Feature Set
45,Beginner,Premium,Moderate,Design,Satisfied,New User Interface Enhancements
31,Beginner,Free,Inactive,Design,Satisfied,Standard Feature Set
48,Beginner,Free,Active,Design,Satisfied,Advanced Analytics Module
36,Intermediate,Basic,Inactive,Design,Neutral,Standard Feature Set
64,Advanced,Free,Active,Design,Satisfied,Advanced Analytics Module
33,Beginner,Basic,Moderate,Usability,Neutral,Customizable User Dashboards
22,Advanced,Premium,Moderate,Design,Satisfied,New User Interface Enhancements
52,Beginner,Basic,Active,Design,Satisfied,Advanced Analytics Module
29,Beginner,Basic,Moderate,Usability,Neutral,Customizable User Dashboards
42,Advanced,Premium,Active,Design,Satisfied,Advanced Analytics Module
38,Intermediate,Free,Active,Functionality,Dissatisfied,Integration with External Tools
53,Beginner,Basic,Moderate,Design,Neutral,New User Interface Enhancements
40,Beginner,Basic,Active,Design,Neutral,Cross-Platform Compatibility
33,Beginner,Premium,Inactive,Functionality,Neutral,Standard Feature Set
56,Advanced,Free,Inactive,Functionality,Dissatisfied,Improved Performance Optimization
62,Intermediate,Basic,Moderate,Functionality,Neutral,Standard Feature Set
59,Advanced,Premium,Moderate,Functionality,Satisfied,Enhanced Reporting Features
56,Advanced,Basic,Active,Design,Satisfied,Advanced Analytics Module
31,Intermediate,Premium,Active,Functionality,Satisfied,Advanced Analytics Module
48,Advanced,Free,Active,Functionality,Neutral,Integration with External Tools
22,Intermediate,Free,Active,Usability,Satisfied,Advanced Analytics Module
52,Beginner,Free,Inactive,Functionality,Neutral,Standard Feature Set
40,Intermediate,Free,Inactive,Functionality,Satisfied,Standard Feature Set
46,Beginner,Basic,Moderate,Usability,Dissatisfied,Customizable User Dashboards
60,Advanced,Basic,Active,Usability,Dissatisfied,Standard Feature Set
28,Advanced,Free,Active,Design,Dissatisfied,Standard Feature Set
35,Beginner,Free,Moderate,Usability,Dissatisfied,Customizable User Dashboards
64,Advanced,Free,Active,Design,Neutral,Cross-Platform Compatibility
29,Intermediate,Basic,Active,Usability,Satisfied,Advanced Analytics Module
26,Beginner,Free,Active,Usability,Dissatisfied,Standard Feature Set
27,Advanced,Free,Active,Design,Neutral,Cross-Platform Compatibility
61,Beginner,Free,Active,Usability,Dissatisfied,Standard Feature Set
34,Intermediate,Premium,Moderate,Design,Dissatisfied,New User Interface Enhancements
55,Intermediate,Free,Active,Usability,Neutral,Cross-Platform Compatibility
24,Advanced,Premium,Moderate,Functionality,Neutral,Standard Feature Set
63,Intermediate,Premium,Active,Usability,Satisfied,Advanced Analytics Module
30,Beginner,Free,Inactive,Design,Satisfied,Standard Feature Set
57,Intermediate,Premium,Inactive,Usability,Dissatisfied,Improved Performance Optimization
59,Beginner,Free,Inactive,Design,Dissatisfied,Improved Performance Optimization
26,Beginner,Basic,Inactive,Design,Satisfied,Standard Feature Set
44,Intermediate,Basic,Moderate,Functionality,Satisfied,Enhanced Reporting Features
19,Advanced,Basic,Moderate,Functionality,Neutral,Standard Feature Set
22,Intermediate,Basic,Active,Design,Satisfied,Advanced Analytics Module
46,Beginner,Premium,Inactive,Usability,Satisfied,Streamlined Onboarding Process
54,Beginner,Free,Moderate,Design,Dissatisfied,New User Interface Enhancements
55,Intermediate,Free,Active,Design,Satisfied,Advanced Analytics Module
36,Advanced,Free,Active,Usability,Dissatisfied,Standard Feature Set
25,Advanced,Basic,Moderate,Usability,Satisfied,Enhanced Reporting Features
62,Beginner,Basic,Inactive,Usability,Neutral,Streamlined Onboarding Process
18,Beginner,Free,Active,Usability,Satisfied,Advanced Analytics Module
39,Advanced,Basic,Inactive,Design,Satisfied,Standard Feature Set
34,Intermediate,Free,Inactive,Design,Satisfied,Standard Feature Set
24,Beginner,Free,Inactive,Functionality,Dissatisfied,Improved Performance Optimization
42,Beginner,Free,Active,Design,Neutral,Cross-Platform Compatibility
62,Advanced,Free,Inactive,Usability,Satisfied,Streamlined Onboarding Process
21,Intermediate,Free,Active,Functionality,Dissatisfied,Integration with External Tools
53,Advanced,Free,Inactive,Usability,Neutral,Streamlined Onboarding Process
23,Intermediate,Free,Active,Design,Dissatisfied,Standard Feature Set
48,Intermediate,Basic,Inactive,Functionality,Dissatisfied,Improved Performance Optimization
36,Intermediate,Free,Moderate,Usability,Neutral,Customizable User Dashboards
61,Beginner,Free,Inactive,Functionality,Satisfied,Standard Feature Set
56,Advanced,Basic,Inactive,Functionality,Dissatisfied,Improved Performance Optimization
44,Advanced,Basic,Active,Design,Dissatisfied,Standard Feature Set
27,Intermediate,Basic,Active,Usability,Satisfied,Advanced Analytics Module
43,Beginner,Free,Inactive,Functionality,Satisfied,Standard Feature Set
36,Beginner,Premium,Moderate,Functionality,Neutral,Standard Feature Set
56,Advanced,Premium,Moderate,Usability,Neutral,Customizable User Dashboards
20,Beginner,Basic,Active,Functionality,Neutral,Integration with External Tools
62,Beginner,Premium,Moderate,Functionality,Satisfied,Enhanced Reporting Features
30,Intermediate,Basic,Inactive,Functionality,Dissatisfied,Improved Performance Optimization
45,Beginner,Free,Active,Usability,Dissatisfied,Standard Feature Set
37,Intermediate,Premium,Inactive,Usability,Neutral,Streamlined Onboarding Process
45,Advanced,Free,Active,Usability,Satisfied,Advanced Analytics Module
25,Beginner,Premium,Active,Usability,Dissatisfied,Standard Feature Set
58,Advanced,Free,Active,Design,Neutral,Cross-Platform Compatibility
56,Advanced,Premium,Active,Functionality,Dissatisfied,Integration with External Tools
18,Beginner,Free,Moderate,Usability,Dissatisfied,Customizable User Dashboards
20,Beginner,Free,Inactive,Functionality,Satisfied,Standard Feature Set
30,Advanced,Premium,Inactive,Functionality,Satisfied,Standard Feature Set
45,Beginner,Free,Inactive,Design,Dissatisfied,Improved Performance Optimization
42,Intermediate,Free,Active,Usability,Neutral,Cross-Platform Compatibility
50,Intermediate,Free,Moderate,Usability,Satisfied,Enhanced Reporting Features
55,Beginner,Premium,Inactive,Functionality,Dissatisfied,Improved Performance Optimization
23,Advanced,Premium,Moderate,Usability,Satisfied,Enhanced Reporting Features
61,Beginner,Free,Active,Functionality,Satisfied,Advanced Analytics Module
62,Beginner,Free,Inactive,Functionality,Satisfied,Standard Feature Set
49,Advanced,Premium,Moderate,Design,Dissatisfied,New User Interface Enhancements
62,Advanced,Premium,Active,Design,Neutral,Cross-Platform Compatibility
64,Intermediate,Free,Moderate,Design,Neutral,New User Interface Enhancements
38,Advanced,Free,Inactive,Functionality,Neutral,Standard Feature Set
33,Intermediate,Free,Inactive,Usability,Satisfied,Streamlined Onboarding Process
38,Advanced,Basic,Active,Design,Dissatisfied,Standard Feature Set
28,Beginner,Premium,Active,Usability,Satisfied,Advanced Analytics Module
54,Intermediate,Basic,Active,Design,Neutral,Cross-Platform Compatibility
53,Intermediate,Premium,Moderate,Design,Neutral,New User Interface Enhancements
52,Intermediate,Premium,Moderate,Functionality,Dissatisfied,Standard Feature Set
36,Beginner,Premium,Moderate,Design,Satisfied,New User Interface Enhancements
37,Beginner,Premium,Active,Design,Neutral,Cross-Platform Compatibility
35,Beginner,Premium,Inactive,Functionality,Dissatisfied,Improved Performance Optimization
64,Beginner,Premium,Inactive,Usability,Satisfied,Streamlined Onboarding Process
58,Beginner,Premium,Moderate,Design,Satisfied,New User Interface Enhancements
31,Intermediate,Basic,Moderate,Functionality,Neutral,Standard Feature Set
32,Beginner,Free,Inactive,Design,Neutral,Standard Feature Set
48,Intermediate,Free,Inactive,Functionality,Satisfied,Standard Feature Set
18,Beginner,Basic,Moderate,Usability,Satisfied,Enhanced Reporting Features
20,Advanced,Basic,Moderate,Usability,Neutral,Customizable User Dashboards
33,Intermediate,Basic,Inactive,Functionality,Satisfied,Standard Feature Set
40,Advanced,Basic,Active,Functionality,Neutral,Integration with External Tools
28,Intermediate,Premium,Moderate,Functionality,Satisfied,Enhanced Reporting Features
29,Advanced,Free,Inactive,Usability,Neutral,Streamlined Onboarding Process
27,Beginner,Premium,Inactive,Design,Dissatisfied,Improved Performance Optimization
49,Beginner,Free,Inactive,Usability,Neutral,Streamlined Onboarding Process
33,Beginner,Free,Inactive,Functionality,Neutral,Standard Feature Set
25,Intermediate,Basic,Active,Functionality,Dissatisfied,Integration with External Tools
55,Advanced,Premium,Inactive,Usability,Satisfied,Streamlined Onboarding Process
29,Beginner,Basic,Moderate,Functionality,Dissatisfied,Standard Feature Set
41,Advanced,Premium,Active,Usability,Neutral,Cross-Platform Compatibility
45,Advanced,Free,Inactive,Functionality,Satisfied,Standard Feature Set
25,Beginner,Basic,Active,Design,Dissatisfied,Standard Feature Set
45,Beginner,Basic,Moderate,Design,Satisfied,New User Interface Enhancements
53,Advanced,Free,Inactive,Functionality,Satisfied,Standard Feature Set
43,Beginner,Free,Moderate,Usability,Dissatisfied,Customizable User Dashboards
25,Beginner,Free,Inactive,Design,Satisfied,Standard Feature Set
45,Beginner,Basic,Inactive,Usability,Dissatisfied,Improved Performance Optimization
45,Intermediate,Premium,Inactive,Functionality,Neutral,Standard Feature Set
54,Advanced,Basic,Inactive,Usability,Satisfied,Streamlined Onboarding Process
58,Advanced,Premium,Inactive,Design,Neutral,Standard Feature Set
53,Intermediate,Basic,Active,Usability,Neutral,Cross-Platform Compatibility
44,Advanced,Basic,Inactive,Usability,Satisfied,Streamlined Onboarding Process
34,Beginner,Free,Inactive,Functionality,Dissatisfied,Improved Performance Optimization
26,Advanced,Premium,Active,Functionality,Satisfied,Advanced Analytics Module
50,Beginner,Basic,Active,Functionality,Neutral,Integration with External Tools
37,Intermediate,Basic,Active,Design,Neutral,Cross-Platform Compatibility
30,Beginner,Free,Active,Design,Dissatisfied,Standard Feature Set
45,Advanced,Free,Active,Functionality,Satisfied,Advanced Analytics Module
46,Advanced,Premium,Active,Functionality,Neutral,Integration with External Tools
30,Advanced,Basic,Inactive,Design,Neutral,Standard Feature Set
63,Intermediate,Premium,Inactive,Design,Neutral,Standard Feature Set
52,Intermediate,Basic,Moderate,Design,Dissatisfied,New User Interface Enhancements
23,Advanced,Premium,Inactive,Design,Neutral,Standard Feature Set
35,Beginner,Free,Inactive,Functionality,Neutral,Standard Feature Set
22,Intermediate,Basic,Active,Design,Satisfied,Advanced Analytics Module
64,Advanced,Premium,Active,Functionality,Satisfied,Advanced Analytics Module
42,Advanced,Free,Inactive,Usability,Neutral,Streamlined Onboarding Process
19,Intermediate,Free,Moderate,Usability,Neutral,Customizable User Dashboards
27,Intermediate,Premium,Active,Design,Satisfied,Advanced Analytics Module
47,Intermediate,Basic,Inactive,Usability,Dissatisfied,Improved Performance Optimization
62,Beginner,Basic,Inactive,Usability,Dissatisfied,Improved Performance Optimization
22,Beginner,Free,Moderate,Usability,Dissatisfied,Customizable User Dashboards
50,Advanced,Basic,Moderate,Design,Dissatisfied,New User Interface Enhancements
18,Intermediate,Basic,Active,Design,Dissatisfied,Standard Feature Set
35,Beginner,Basic,Moderate,Usability,Dissatisfied,Customizable User Dashboards
49,Intermediate,Free,Inactive,Functionality,Dissatisfied,Improved Performance Optimization
64,Advanced,Premium,Inactive,Usability,Dissatisfied,Improved Performance Optimization
28,Beginner,Basic,Moderate,Design,Satisfied,New User Interface Enhancements
38,Beginner,Free,Moderate,Design,Dissatisfied,New User Interface Enhancements
43,Beginner,Free,Moderate,Design,Dissatisfied,New User Interface Enhancements
42,Advanced,Premium,Moderate,Usability,Dissatisfied,Customizable User Dashboards
39,Intermediate,Basic,Active,Functionality,Neutral,Integration with External Tools
44,Beginner,Basic,Moderate,Design,Satisfied,New User Interface Enhancements
30,Advanced,Premium,Active,Design,Satisfied,Advanced Analytics Module
50,Intermediate,Premium,Inactive,Usability,Satisfied,Streamlined Onboarding Process
51,Advanced,Free,Moderate,Functionality,Dissatisfied,Standard Feature Set
58,Intermediate,Free,Active,Usability,Dissatisfied,Standard Feature Set
52,Advanced,Premium,Moderate,Design,Neutral,New User Interface Enhancements
18,Intermediate,Basic,Inactive,Functionality,Satisfied,Standard Feature Set
38,Beginner,Free,Inactive,Functionality,Dissatisfied,Improved Performance Optimization
23,Intermediate,Free,Inactive,Design,Satisfied,Standard Feature Set
45,Advanced,Basic,Moderate,Functionality,Neutral,Standard Feature Set
34,Advanced,Free,Moderate,Functionality,Neutral,Standard Feature Set
22,Intermediate,Basic,Active,Usability,Neutral,Cross-Platform Compatibility
48,Beginner,Basic,Inactive,Design,Satisfied,Standard Feature Set
22,Beginner,Basic,Moderate,Design,Dissatisfied,New User Interface Enhancements
55,Intermediate,Premium,Inactive,Design,Dissatisfied,Improved Performance Optimization
20,Intermediate,Premium,Inactive,Design,Neutral,Standard Feature Set
40,Advanced,Premium,Active,Design,Dissatisfied,Standard Feature Set
54,Beginner,Basic,Active,Functionality,Neutral,Integration with External Tools
54,Intermediate,Basic,Active,Usability,Satisfied,Advanced Analytics Module
27,Beginner,Premium,Active,Design,Neutral,Cross-Platform Compatibility
27,Intermediate,Free,Inactive,Usability,Satisfied,Streamlined Onboarding Process
36,Intermediate,Basic,Active,Usability,Neutral,Cross-Platform Compatibility
34,Beginner,Free,Active,Functionality,Dissatisfied,Integration with External Tools
38,Intermediate,Free,Active,Design,Dissatisfied,Standard Feature Set
31,Intermediate,Basic,Active,Functionality,Neutral,Integration with External Tools
26,Advanced,Basic,Inactive,Design,Dissatisfied,Improved Performance Optimization
63,Intermediate,Free,Active,Functionality,Dissatisfied,Integration with External Tools
18,Intermediate,Free,Inactive,Usability,Dissatisfied,Improved Performance Optimization
62,Intermediate,Premium,Moderate,Design,Satisfied,New User Interface Enhancements
30,Advanced,Premium,Inactive,Usability,Dissatisfied,Improved Performance Optimization
21,Beginner,Basic,Inactive,Usability,Satisfied,Streamlined Onboarding Process
18,Advanced,Premium,Active,Functionality,Neutral,Integration with External Tools
57,Advanced,Premium,Moderate,Design,Dissatisfied,New User Interface Enhancements
49,Beginner,Premium,Moderate,Usability,Dissatisfied,Customizable User Dashboards
51,Advanced,Premium,Moderate,Functionality,Dissatisfied,Standard Feature Set
45,Beginner,Free,Moderate,Design,Neutral,New User Interface Enhancements
48,Advanced,Basic,Inactive,Design,Satisfied,Standard Feature Set
25,Beginner,Premium,Moderate,Usability,Satisfied,Enhanced Reporting Features
56,Intermediate,Free,Inactive,Design,Dissatisfied,Improved Performance Optimization
43,Advanced,Free,Inactive,Usability,Neutral,Streamlined Onboarding Process
51,Advanced,Free,Inactive,Design,Neutral,Standard Feature Set
20,Advanced,Premium,Moderate,Functionality,Neutral,Standard Feature Set
29,Advanced,Premium,Active,Usability,Neutral,Cross-Platform Compatibility
18,Intermediate,Basic,Active,Usability,Neutral,Cross-Platform Compatibility
61,Advanced,Premium,Moderate,Design,Satisfied,New User Interface Enhancements
22,Intermediate,Premium,Active,Design,Satisfied,Advanced Analytics Module
47,Intermediate,Free,Active,Usability,Satisfied,Advanced Analytics Module
47,Intermediate,Basic,Inactive,Design,Dissatisfied,Improved Performance Optimization
34,Intermediate,Premium,Inactive,Functionality,Neutral,Standard Feature Set
64,Beginner,Premium,Moderate,Design,Dissatisfied,New User Interface Enhancements
40,Beginner,Free,Moderate,Functionality,Neutral,Standard Feature Set
32,Advanced,Free,Active,Functionality,Satisfied,Advanced Analytics Module
54,Beginner,Premium,Inactive,Functionality,Dissatisfied,Improved Performance Optimization
38,Beginner,Basic,Moderate,Functionality,Satisfied,Enhanced Reporting Features
31,Advanced,Basic,Moderate,Functionality,Neutral,Standard Feature Set
19,Advanced,Free,Moderate,Design,Neutral,New User Interface Enhancements
28,Advanced,Free,Moderate,Functionality,Neutral,Standard Feature Set
56,Beginner,Premium,Moderate,Design,Satisfied,New User Interface Enhancements
55,Beginner,Free,Moderate,Functionality,Neutral,Standard Feature Set
51,Advanced,Premium,Active,Usability,Satisfied,Advanced Analytics Module
55,Intermediate,Basic,Inactive,Functionality,Dissatisfied,Improved Performance Optimization
51,Advanced,Basic,Inactive,Usability,Neutral,Streamlined Onboarding Process
35,Intermediate,Premium,Moderate,Functionality,Neutral,Standard Feature Set
47,Intermediate,Free,Inactive,Functionality,Neutral,Standard Feature Set
32,Advanced,Basic,Inactive,Functionality,Dissatisfied,Improved Performance Optimization
44,Advanced,Free,Inactive,Usability,Neutral,Streamlined Onboarding Process
51,Advanced,Basic,Moderate,Usability,Satisfied,Enhanced Reporting Features
55,Beginner,Premium,Moderate,Functionality,Satisfied,Enhanced Reporting Features
50,Intermediate,Premium,Inactive,Design,Neutral,Standard Feature Set
41,Beginner,Premium,Inactive,Functionality,Neutral,Standard Feature Set
32,Beginner,Basic,Moderate,Usability,Dissatisfied,Customizable User Dashboards
47,Advanced,Free,Active,Functionality,Dissatisfied,Integration with External Tools
59,Beginner,Free,Inactive,Usability,Dissatisfied,Improved Performance Optimization
34,Advanced,Free,Active,Usability,Neutral,Cross-Platform Compatibility
22,Intermediate,Basic,Inactive,Usability,Dissatisfied,Improved Performance Optimization
46,Advanced,Basic,Active,Functionality,Dissatisfied,Integration with External Tools
21,Beginner,Basic,Active,Usability,Satisfied,Advanced Analytics Module
27,Beginner,Basic,Active,Usability,Dissatisfied,Standard Feature Set
34,Advanced,Basic,Moderate,Functionality,Satisfied,Enhanced Reporting Features
27,Advanced,Free,Active,Usability,Satisfied,Advanced Analytics Module
34,Beginner,Basic,Active,Functionality,Dissatisfied,Integration with External Tools
37,Intermediate,Basic,Active,Usability,Satisfied,Advanced Analytics Module
41,Intermediate,Free,Inactive,Design,Neutral,Standard Feature Set
22,Advanced,Basic,Active,Design,Neutral,Cross-Platform Compatibility
51,Intermediate,Free,Inactive,Usability,Dissatisfied,Improved Performance Optimization
23,Beginner,Free,Active,Design,Neutral,Cross-Platform Compatibility
19,Advanced,Premium,Active,Functionality,Satisfied,Advanced Analytics Module
30,Beginner,Premium,Moderate,Design,Neutral,New User Interface Enhancements
60,Beginner,Premium,Inactive,Usability,Dissatisfied,Improved Performance Optimization
60,Intermediate,Premium,Active,Usability,Dissatisfied,Standard Feature Set
28,Advanced,Basic,Inactive,Functionality,Satisfied,Standard Feature Set
64,Advanced,Premium,Inactive,Usability,Dissatisfied,Improved Performance Optimization
40,Intermediate,Free,Moderate,Functionality,Neutral,Standard Feature Set
33,Beginner,Basic,Moderate,Design,Dissatisfied,New User Interface Enhancements
48,Beginner,Premium,Moderate,Design,Satisfied,New User Interface Enhancements
28,Beginner,Free,Moderate,Functionality,Dissatisfied,Standard Feature Set
33,Beginner,Basic,Moderate,Functionality,Neutral,Standard Feature Set
25,Advanced,Basic,Moderate,Usability,Satisfied,Enhanced Reporting Features
21,Advanced,Premium,Moderate,Design,Neutral,New User Interface Enhancements
57,Intermediate,Basic,Moderate,Functionality,Satisfied,Enhanced Reporting Features
21,Intermediate,Free,Active,Design,Dissatisfied,Standard Feature Set
42,Advanced,Basic,Inactive,Functionality,Satisfied,Standard Feature Set
20,Advanced,Free,Moderate,Design,Satisfied,New User Interface Enhancements
49,Beginner,Basic,Moderate,Usability,Dissatisfied,Customizable User Dashboards
20,Beginner,Premium,Inactive,Design,Neutral,Standard Feature Set
44,Intermediate,Free,Active,Design,Dissatisfied,Standard Feature Set
46,Advanced,Basic,Inactive,Design,Satisfied,Standard Feature Set
49,Intermediate,Basic,Inactive,Design,Dissatisfied,Improved Performance Optimization
36,Advanced,Basic,Moderate,Design,Satisfied,New User Interface Enhancements
38,Beginner,Free,Inactive,Usability,Dissatisfied,Improved Performance Optimization
22,Intermediate,Free,Inactive,Functionality,Dissatisfied,Improved Performance Optimization
35,Intermediate,Free,Moderate,Design,Neutral,New User Interface Enhancements
45,Advanced,Premium,Moderate,Usability,Satisfied,Enhanced Reporting Features
59,Beginner,Premium,Moderate,Design,Neutral,New User Interface Enhancements
39,Intermediate,Free,Moderate,Design,Satisfied,New User Interface Enhancements
38,Beginner,Basic,Inactive,Functionality,Dissatisfied,Improved Performance Optimization
23,Intermediate,Premium,Inactive,Design,Satisfied,Standard Feature Set
18,Beginner,Free,Active,Usability,Neutral,Cross-Platform Compatibility
22,Advanced,Basic,Active,Usability,Neutral,Cross-Platform Compatibility
58,Intermediate,Premium,Inactive,Functionality,Neutral,Standard Feature Set
29,Intermediate,Basic,Active,Design,Satisfied,Advanced Analytics Module
43,Beginner,Basic,Inactive,Usability,Neutral,Streamlined Onboarding Process
63,Beginner,Basic,Active,Design,Neutral,Cross-Platform Compatibility
51,Intermediate,Basic,Moderate,Design,Neutral,New User Interface Enhancements
31,Advanced,Premium,Active,Design,Dissatisfied,Standard Feature Set
43,Beginner,Premium,Moderate,Functionality,Dissatisfied,Standard Feature Set
62,Beginner,Premium,Moderate,Design,Satisfied,New User Interface Enhancements
44,Beginner,Free,Moderate,Usability,Satisfied,Enhanced Reporting Features
26,Intermediate,Premium,Moderate,Design,Neutral,New User Interface Enhancements
43,Intermediate,Basic,Active,Usability,Dissatisfied,Standard Feature Set
64,Intermediate,Premium,Inactive,Design,Neutral,Standard Feature Set
39,Intermediate,Basic,Moderate,Usability,Neutral,Customizable User Dashboards
64,Advanced,Free,Active,Usability,Dissatisfied,Standard Feature Set
47,Advanced,Basic,Moderate,Design,Dissatisfied,New User Interface Enhancements
60,Intermediate,Basic,Active,Design,Dissatisfied,Standard Feature Set
34,Advanced,Basic,Active,Usability,Satisfied,Advanced Analytics Module
43,Beginner,Free,Active,Functionality,Satisfied,Advanced Analytics Module
53,Beginner,Premium,Inactive,Design,Neutral,Standard Feature Set
18,Beginner,Premium,Active,Functionality,Satisfied,Advanced Analytics Module
25,Intermediate,Free,Active,Design,Dissatisfied,Standard Feature Set
52,Beginner,Basic,Inactive,Design,Dissatisfied,Improved Performance Optimization
32,Advanced,Premium,Inactive,Design,Satisfied,Standard Feature Set
64,Intermediate,Free,Active,Design,Neutral,Cross-Platform Compatibility
39,Advanced,Premium,Inactive,Functionality,Neutral,Standard Feature Set
31,Beginner,Free,Moderate,Design,Satisfied,New User Interface Enhancements
43,Beginner,Basic,Moderate,Usability,Neutral,Customizable User Dashboards
45,Beginner,Premium,Inactive,Usability,Neutral,Streamlined Onboarding Process
40,Intermediate,Free,Inactive,Functionality,Neutral,Standard Feature Set
31,Advanced,Premium,Active,Design,Dissatisfied,Standard Feature Set
41,Intermediate,Premium,Inactive,Usability,Dissatisfied,Improved Performance Optimization
19,Intermediate,Premium,Active,Functionality,Satisfied,Advanced Analytics Module
62,Beginner,Premium,Moderate,Design,Dissatisfied,New User Interface Enhancements
43,Intermediate,Free,Inactive,Usability,Neutral,Streamlined Onboarding Process
31,Intermediate,Basic,Active,Usability,Dissatisfied,Standard Feature Set
24,Beginner,Free,Active,Functionality,Satisfied,Advanced Analytics Module
20,Intermediate,Free,Moderate,Design,Dissatisfied,New User Interface Enhancements
64,Beginner,Free,Inactive,Design,Neutral,Standard Feature Set
40,Beginner,Basic,Moderate,Usability,Neutral,Customizable User Dashboards
63,Beginner,Premium,Active,Usability,Satisfied,Advanced Analytics Module
60,Beginner,Premium,Active,Usability,Dissatisfied,Standard Feature Set
64,Intermediate,Premium,Inactive,Design,Dissatisfied,Improved Performance Optimization
62,Beginner,Basic,Active,Functionality,Dissatisfied,Integration with External Tools
35,Beginner,Premium,Inactive,Functionality,Neutral,Standard Feature Set
55,Intermediate,Basic,Moderate,Design,Satisfied,New User Interface Enhancements
52,Intermediate,Premium,Inactive,Functionality,Dissatisfied,Improved Performance Optimization
32,Advanced,Premium,Inactive,Usability,Neutral,Streamlined Onboarding Process
42,Intermediate,Free,Active,Functionality,Neutral,Integration with External Tools
54,Intermediate,Basic,Active,Functionality,Neutral,Integration with External Tools
45,Advanced,Free,Inactive,Functionality,Dissatisfied,Improved Performance Optimization
27,Intermediate,Free,Active,Usability,Dissatisfied,Standard Feature Set
56,Intermediate,Free,Active,Design,Dissatisfied,Standard Feature Set
34,Intermediate,Basic,Active,Usability,Dissatisfied,Standard Feature Set
56,Intermediate,Basic,Inactive,Design,Dissatisfied,Improved Performance Optimization
39,Advanced,Premium,Active,Design,Dissatisfied,Standard Feature Set
43,Intermediate,Free,Inactive,Design,Dissatisfied,Improved Performance Optimization
61,Intermediate,Premium,Active,Functionality,Dissatisfied,Integration with External Tools
42,Advanced,Free,Moderate,Functionality,Dissatisfied,Standard Feature Set
34,Beginner,Basic,Active,Design,Neutral,Cross-Platform Compatibility
30,Advanced,Basic,Active,Design,Dissatisfied,Standard Feature Set
37,Beginner,Basic,Inactive,Functionality,Satisfied,Standard Feature Set
42,Advanced,Free,Inactive,Usability,Neutral,Streamlined Onboarding Process
21,Advanced,Basic,Active,Design,Dissatisfied,Standard Feature Set
27,Intermediate,Free,Moderate,Usability,Satisfied,Enhanced Reporting Features
20,Beginner,Premium,Active,Functionality,Dissatisfied,Integration with External Tools
58,Intermediate,Free,Active,Design,Satisfied,Advanced Analytics Module
62,Beginner,Premium,Moderate,Usability,Satisfied,Enhanced Reporting Features
35,Advanced,Free,Inactive,Usability,Satisfied,Streamlined Onboarding Process
64,Advanced,Premium,Active,Usability,Satisfied,Advanced Analytics Module
53,Beginner,Basic,Inactive,Functionality,Neutral,Standard Feature Set
64,Intermediate,Premium,Inactive,Functionality,Neutral,Standard Feature Set
39,Intermediate,Basic,Moderate,Usability,Satisfied,Enhanced Reporting Features
51,Intermediate,Basic,Moderate,Usability,Dissatisfied,Customizable User Dashboards
64,Intermediate,Premium,Inactive,Functionality,Satisfied,Standard Feature Set
25,Advanced,Free,Active,Usability,Neutral,Cross-Platform Compatibility
57,Advanced,Free,Inactive,Usability,Dissatisfied,Improved Performance Optimization
61,Advanced,Free,Active,Functionality,Neutral,Integration with External Tools
36,Advanced,Free,Active,Usability,Neutral,Cross-Platform Compatibility
59,Advanced,Free,Moderate,Usability,Dissatisfied,Customizable User Dashboards
58,Intermediate,Basic,Active,Usability,Satisfied,Advanced Analytics Module
54,Intermediate,Free,Active,Functionality,Satisfied,Advanced Analytics Module
23,Intermediate,Basic,Inactive,Usability,Satisfied,Streamlined Onboarding Process
43,Intermediate,Basic,Moderate,Functionality,Satisfied,Enhanced Reporting Features
51,Advanced,Basic,Active,Functionality,Dissatisfied,Integration with External Tools
62,Advanced,Premium,Active,Design,Dissatisfied,Standard Feature Set
23,Advanced,Premium,Moderate,Design,Dissatisfied,New User Interface Enhancements
54,Beginner,Basic,Inactive,Usability,Neutral,Streamlined Onboarding Process
50,Intermediate,Premium,Moderate,Functionality,Dissatisfied,Standard Feature Set
39,Intermediate,Free,Moderate,Design,Satisfied,New User Interface Enhancements
38,Advanced,Free,Active,Usability,Neutral,Cross-Platform Compatibility
23,Intermediate,Basic,Active,Design,Satisfied,Advanced Analytics Module
23,Intermediate,Free,Inactive,Design,Satisfied,Standard Feature Set
21,Advanced,Basic,Active,Functionality,Dissatisfied,Integration with External Tools
47,Beginner,Basic,Active,Functionality,Dissatisfied,Integration with External Tools
28,Beginner,Free,Moderate,Design,Satisfied,New User Interface Enhancements
47,Beginner,Premium,Active,Design,Satisfied,Advanced Analytics Module
48,Advanced,Free,Inactive,Functionality,Neutral,Standard Feature Set
41,Intermediate,Free,Moderate,Usability,Dissatisfied,Customizable User Dashboards
26,Advanced,Basic,Inactive,Functionality,Neutral,Standard Feature Set
20,Advanced,Basic,Moderate,Design,Neutral,New User Interface Enhancements
48,Intermediate,Basic,Active,Usability,Neutral,Cross-Platform Compatibility
57,Beginner,Basic,Moderate,Design,Satisfied,New User Interface Enhancements
54,Beginner,Premium,Moderate,Usability,Neutral,Customizable User Dashboards
53,Advanced,Premium,Active,Design,Neutral,Cross-Platform Compatibility
41,Beginner,Premium,Active,Usability,Satisfied,Advanced Analytics Module
48,Advanced,Basic,Inactive,Usability,Dissatisfied,Improved Performance Optimization
23,Advanced,Basic,Inactive,Design,Dissatisfied,Improved Performance Optimization
19,Intermediate,Basic,Active,Usability,Neutral,Cross-Platform Compatibility
37,Intermediate,Premium,Active,Functionality,Satisfied,Advanced Analytics Module
45,Intermediate,Basic,Active,Design,Dissatisfied,Standard Feature Set
28,Advanced,Free,Moderate,Functionality,Neutral,Standard Feature Set
21,Intermediate,Free,Moderate,Design,Neutral,New User Interface Enhancements
32,Beginner,Basic,Moderate,Usability,Satisfied,Enhanced Reporting Features
23,Beginner,Free,Active,Usability,Neutral,Cross-Platform Compatibility
47,Advanced,Free,Inactive,Usability,Dissatisfied,Improved Performance Optimization
55,Advanced,Premium,Active,Design,Satisfied,Advanced Analytics Module
19,Intermediate,Basic,Moderate,Functionality,Dissatisfied,Standard Feature Set
32,Advanced,Basic,Moderate,Functionality,Dissatisfied,Standard Feature Set
28,Advanced,Premium,Active,Design,Dissatisfied,Standard Feature Set
25,Beginner,Free,Active,Design,Neutral,Cross-Platform Compatibility
43,Beginner,Free,Moderate,Functionality,Neutral,Standard Feature Set
62,Intermediate,Basic,Moderate,Functionality,Dissatisfied,Standard Feature Set
61,Advanced,Free,Moderate,Functionality,Dissatisfied,Standard Feature Set
22,Advanced,Premium,Active,Functionality,Satisfied,Advanced Analytics Module
23,Beginner,Premium,Moderate,Design,Satisfied,New User Interface Enhancements
43,Advanced,Basic,Moderate,Design,Neutral,New User Interface Enhancements
21,Beginner,Premium,Inactive,Usability,Neutral,Streamlined Onboarding Process
36,Intermediate,Premium,Active,Functionality,Satisfied,Advanced Analytics Module
37,Beginner,Basic,Inactive,Usability,Dissatisfied,Improved Performance Optimization
50,Advanced,Premium,Inactive,Design,Neutral,Standard Feature Set
37,Intermediate,Premium,Moderate,Design,Dissatisfied,New User Interface Enhancements
29,Beginner,Premium,Active,Usability,Satisfied,Advanced Analytics Module
64,Beginner,Free,Moderate,Functionality,Neutral,Standard Feature Set
18,Intermediate,Basic,Active,Functionality,Neutral,Integration with External Tools
43,Intermediate,Basic,Inactive,Functionality,Satisfied,Standard Feature Set
31,Beginner,Basic,Active,Functionality,Neutral,Integration with External Tools
55,Advanced,Free,Moderate,Usability,Satisfied,Enhanced Reporting Features
54,Beginner,Free,Moderate,Usability,Neutral,Customizable User Dashboards
28,Intermediate,Basic,Moderate,Design,Satisfied,New User Interface Enhancements
53,Beginner,Free,Active,Functionality,Neutral,Integration with External Tools
30,Intermediate,Basic,Inactive,Functionality,Dissatisfied,Improved Performance Optimization
60,Intermediate,Free,Inactive,Functionality,Dissatisfied,Improved Performance Optimization
20,Advanced,Premium,Active,Usability,Dissatisfied,Standard Feature Set
50,Intermediate,Premium,Moderate,Functionality,Neutral,Standard Feature Set
23,Intermediate,Basic,Inactive,Usability,Neutral,Streamlined Onboarding Process
27,Advanced,Free,Moderate,Functionality,Dissatisfied,Standard Feature Set
22,Intermediate,Free,Active,Functionality,Dissatisfied,Integration with External Tools
40,Advanced,Premium,Moderate,Design,Satisfied,New User Interface Enhancements
27,Advanced,Premium,Inactive,Functionality,Satisfied,Standard Feature Set
61,Intermediate,Free,Inactive,Functionality,Satisfied,Standard Feature Set
19,Intermediate,Free,Moderate,Design,Dissatisfied,New User Interface Enhancements
